<?xml version="1.0" encoding="UTF-8"?>
<!DOCTYPE muclient>

<muclient>
	<plugin	name="Aard_Accessible_group_monitor"
			author="Faylen"
			language="Lua"
			purpose = "Keep track of hp and mv for specific group members"
			save_state = "y"
			date_written = "2013-06-04"
			requires="4.81"
			version="1.00"
			id="1b2754c326d366d2bad0ef72">
		
		<description trim="y">
<![CDATA[
desc goes here
]]>            
		</description>

	</plugin>
<aliases>
<alias match = "t1 *"
enabled="y"
regexp="n"
sequence="100"
send_to="12"
>
<send>
AssignTarget("target1","%1")
</send>
</alias>

<alias match = "t2 *"
enabled="y"
regexp="n"
sequence="100"
send_to="12"
>
<send>
AssignTarget("target2","%1")
</send>
</alias>

<alias match = "t3 *"
enabled="y"
regexp="n"
sequence="100"
send_to="12"
>
<send>
AssignTarget("target3","%1")
</send>
</alias>

</aliases>
	 <script>

<![CDATA[
require "serialize";
require "gmcphelper";
dofile (GetInfo (66) .. "/worlds/plugins/telnet_options.lua") 

function OnPluginConnect()
   Send_GMCP_Packet("group on")
   Send_GMCP_Packet("request char")
   Send_GMCP_Packet("request group")
end
---------------------------------------------------------------------------------------------------
-- Helper function to send GMCP data.
-- Stole from Fiendish

---------------------------------------------------------------------------------------------------
local IAC, SB, SE, DO = 0xFF, 0xFA, 0xF0, 0xFD
local GMCP      = 201
function Send_GMCP_Packet (what)
   assert (what, "Send_GMCP_Packet passed a nil message.")
   SendPkt (string.char (IAC, SB, GMCP) ..
           (string.gsub (what, "\255", "\255\255")) ..  -- IAC becomes IAC IAC
            string.char (IAC, SE))
end -- Send_GMCP_Packet
function OnPluginInstall()
	OnPluginEnable()
end

function OnPluginEnable()

AcceleratorTo("f2","SpeakTargetHP(\"1\")",12);
AcceleratorTo("shift+f2","SpeakTargetMV(\"1\")",12);
AcceleratorTo("f3","SpeakTargetHP(\"2\")",12);
AcceleratorTo("shift+f3","SpeakTargetMV(\"2\")",12);
AcceleratorTo("f4","SpeakTargetHP(\"3\")",12);
AcceleratorTo("shift+f4","SpeakTargetMV(\"3\")",12);
Accelerator("f5","k");
--	DoAfterSpecial(15.0, "Execute(\"sendgmcp group on\");", 12);
end

function SpeakTargetHP(varnum)
local tname = GetVariable("target" .. varnum)
if IsInGroup(tname) == 1 then
Note(GetVariable("targethp"))
end
end
function SpeakTargetMV(varnum)
local tname = GetVariable("target" .. varnum)
if IsInGroup(tname) == 1 then
Note(GetVariable("targetmv"))
end
end

function OnPluginBroadcast (msg, id, name, text)

	-- Look for GMCP handler.
	if(id == '3e7dedbe37e44942dd46d264') then
		if(text == "group") then

			res, gmcparg = CallPlugin("3e7dedbe37e44942dd46d264","gmcpval","group")
			luastmt = "groupinfo = " .. gmcparg
			assert(loadstring (luastmt or ""))()
         if (groupinfo.groupname == "") then
grouped = 0
         else
grouped = 1
end
end
end
end

function AssignTarget(tnum, tname)
if (IsInGroup(tname) == 1) then
SetVariable(tnum,tname)
Note(tname .. " assigned as " .. tnum)
end
end

function IsInGroup(tname)
if grouped == 0 then
Note("You are not in a group.")
return
end
for _,member in pairs(groupinfo.members) do
if (string.lower(member.name) == string.lower(tname)) then
SetVariable("targethp",member.info.hp)
SetVariable("targetmv",member.info.mv)
SetVariable("targetalign",member.info.align)
return 1
end
end
Note(tname .. " is not in your group.")
return 0
end



]]>

	</script>

</muclient>

