<?xml version="1.0" encoding="UTF-8"?>
<!DOCTYPE muclient>

<muclient>
	<plugin	name="Aard_Accessible_Health_Tracker"
			author="Faylen and Aciath."
			language="Lua"
			purpose = "keeps track of hp and  mana and warns you if either stat goes too low"
			save_state = "y"
			date_written = "2021-11-28"
			requires="4.81"
			version="2.05"
			id="40eb1283e9263ff9308a38a6">
		
		<description trim="y">
<![CDATA[
Health tracker help:
alt-A check current hp.
alt-S check current mana.
alt-D check enemy health percentage.
The percentage of mana and HP warnings can be changed by the commands setHP and setMN <value>.
The commands HPMode and ManaMode will toggle between displaying values as a number and as a percentage.

]]>            
		</description>

	</plugin>
<aliases>
<alias
match="^hpmode$"
enabled="y"
sequence="100"
send_to="12"
regexp="y"
>
<send>
local hpmode = tonumber(GetVariable("hpmode")) or 0
if (hpmode == 0) then
hpmode = 1
Note("HP will now display as a percentage of max.")
else
hpmode = 0
Note("Hp will display as a number.")
end
SetVariable("hpmode",hpmode)
</send>
</alias>
<alias
match="^manamode$"
enabled="y"
sequence="100"
send_to="12"
regexp="y"
>
<send>
local manamode = tonumber(GetVariable("manamode")) or 0
if (manamode == 0) then
manamode = 1
Note("Mana will now display as a percentage of max.")
else
manamode = 0
Note("Mana will display as a number.")
end
SetVariable("manamode",manamode)
</send>
</alias>
<alias
match="sethp *"
regexp="n"
enabled="y"
sequence="100"
send_to="12"
>
<send>
temp = "%1"
local hpwarn = tonumber(temp) or 0
if (hpwarn &lt; 1 or hpwarn &gt; 99) then
Note("Please enter a number between 1 and 99 corresponding to the percentage of your hp where you'd like to receive a warning.")
else
SetVariable("hpwarn",hpwarn)
Note("Hp warning percentage set to " .. hpwarn .. ".")
end
</send>
</alias>
<alias
match="setmn *"
regexp="n"
enabled="y"
sequence="100"
send_to="12"
>
<send>
temp = "%1"
local mnwarn = tonumber(temp) or 0
if (mnwarn &lt; 1 or mnwarn &gt; 99) then
Note("Please enter a number between 1 and 99 corresponding to the percentage of your mana where you'd like to receive a warning.")
else
SetVariable("mnwarn",mnwarn)
Note("Mana warning percentage set to " .. mnwarn .. ".")
end
</send>
</alias>

</aliases>
	 <script>

<![CDATA[

require "gmcphelper";

function SpeakCurhp()
local hpmode = tonumber(GetVariable("hpmode")) or 0
if (hpmode == 0) then
	Note(GetVariable("curhp") or "Unknown");
else 
	Note(GetVariable("hppct") or "Unknown");
end
end

function SpeakMana()
local manamode = tonumber(GetVariable("manamode")) or 0
if (manamode == 0) then
	Note(GetVariable("curmana") or "Unknown");
else 
	Note(GetVariable("manapct") or "Unknown");
end
end


function SpeakEnemypct()
			if (GetVariable("position") == "8") then
	Note(GetVariable("enemypct") or "Unknown");
else
Note("Not fighting.")
end
end

function OnPluginInstall()
	OnPluginEnable()
end

function OnPluginEnable()
	AcceleratorTo("alt+a", "SpeakCurhp()", 12);
	AcceleratorTo("alt+s", "SpeakMana()", 12);
	AcceleratorTo("alt+d", "SpeakEnemypct()", 12);
	DoAfterSpecial(15.0, "SendNoEcho(\"protocol gmcp sendchar\");", 12);
end

function OnPluginDisable()
	AcceleratorTo("Alt+A", "");
	AcceleratorTo("Alt+S", "");
	AcceleratorTo("Alt+D", "");
end

function OnPluginBroadcast (msg, id, name, text)

	-- Look for GMCP handler.
	if(id == '3e7dedbe37e44942dd46d264') then
		if(text == "char.stats" or text == "char.maxstats" or text == "char.vitals" or text == "char.status") then

			res, gmcparg = CallPlugin("3e7dedbe37e44942dd46d264","gmcpval","char")
			luastmt = "gmcpdata = " .. gmcparg
			assert(loadstring (luastmt or ""))()
SetVariable("position",gmcpval("status.state"))
			SetVariable("curhp", gmcpval("vitals.hp"))
			SetVariable("curmana", gmcpval("vitals.mana"))
			SetVariable("maxhp", gmcpval("maxstats.maxhp"))
			SetVariable("maxmn", gmcpval("maxstats.maxmana"))

			SetVariable("enemypct",gmcpval("status.enemypct"))

			local	curhp	=	tonumber(GetVariable("curhp")) or 0;
			local	curmana	=	tonumber(GetVariable("curmana")) or 0;
			local	maxhp	=	tonumber(GetVariable("maxhp")) or 0;
			local	maxmn	=	tonumber(GetVariable("maxmn")) or 0;
local hpwarn = tonumber(GetVariable("hpwarn")) or 25
local manawarn = tonumber(GetVariable("manawarn")) or 25
			if(curhp > 0 and maxhp > 0) then

				local	hppct	=	(curhp / maxhp) * 100;

				SetVariable("hppct", math.floor(hppct));
				
				if(hppct < hpwarn) then
					PlaySound(0, "lowhp.wav", false, -15, 0);
				end
				local	manapct	=	(curmana / maxmn) * 100;

				SetVariable("manapct", math.floor(manapct));
				
				if(manapct < manawarn) then
					PlaySound(0, "lowhp.wav", false, -15, 0);
				end
				
			end
		end
	end

end

]]>

	</script>

</muclient>

