<?xml version="1.0" encoding="iso-8859-1"?>
<!DOCTYPE muclient>
<!-- Saved on Wednesday, September 29, 2021, 12:57 PM -->
<!-- MuClient version 4.84 -->

<!-- Plugin "Health" generated by Plugin Wizard -->

<muclient>
<plugin
   name="Health"
   author="Mysus"
   id="a9393d85734c130056e4d9b7"
   language="Lua"
   purpose="Health checking"
   date_written="2021-09-29 12:56:37"
   requires="4.00"
   version="1.0"
save_state="y"
   >

</plugin>


<!--  Get our standard constants -->

<include name="constants.lua"/>
<aliases>
  <alias
   match="/setup"
   enabled="y"
   send_to="14"
   sequence="100"
  >
  <send>PPI = require("ppi")
ppi = PPI.Load("aedf0cb0be5bf045860d54b7")

dir=world.GetInfo(67)

volume_names = {"sound volume", "ambience volume", "music volume"}
volumes = {30, 30, 30}
current_volume = 1
lastterrain = ""
playstepsound = false

function     PlaySound(0, snd)
return ppi.play(dir.."/sounds/"..snd,0,0, volumes[1])
end

function playloop(snd)
return ppi.play(dir.."sounds/"..snd,1,0,musicvolume)
end

function stopsound(snd)
if tonumber(snd)~=nil then
ppi.stop(snd)
end
end


function historyadd(category, text)
Execute("history_add all="..text)
Execute("history_add "..category.."="..text)
end

function volchange(direction)
if direction ==1 then
if volumes[current_volume] &gt;= 100 then
print(volume_names[current_volume].." is already maxed.")
else
volumes[current_volume] = volumes[current_volume]+5
if volumes[current_volume] &gt;= 100 then
volumes[current_volume] = 100
end
end
end
if direction==2 then
if volumes[current_volume]&lt;=0 then
print(volume_names[current_volume].." is already muted.")
volumes[current_volume] = 0
else
volumes[current_volume] = volumes[current_volume] - 5
if volumes[current_volume] &lt;= 0 then
volumes[current_volume] = 0
end
end
end
end


function playamb(terrain)
stopsound(ambience)
ambience = ppi.play(dir.."sounds/"..terrain,1,0, volumes[2])
end

function playstep(snd)
if playstepsound then
    PlaySound(0, snd)
playstepsound = false
end
end



</send>
  </alias>
  <alias
   match="voldown"
   enabled="y"
   send_to="14"
   sequence="100"
  >
  <send>volchange(2)</send>
  </alias>
  <alias
   match="voltoggle"
   enabled="n"
   send_to="14"
   sequence="100"
  >
  <send>current_volume = current_volume + 1
if current_volume&gt;#volumes then
current_volume = 1
end

print("Changing "..volume_names[current_volume]..", current value "..volumes[current_volume]..".")
</send>
  </alias>
  <alias
   match="volup"
   enabled="y"
   send_to="14"
   sequence="100"
  >
  <send>volchange(1)</send>
  </alias>
<alias
   match="tts_note *"
   enabled="y"
   send_to="14"
   sequence="100"
  >
  <send>say("%1")</send>
  </alias>


  <alias
   match="t1 *"
   enabled="y"
   send_to="14"
   sequence="100"
  >
<send>
target1="%1"
Note("target 1 set to ",target1)
</send>
</alias>
<alias
   match="l1"
   enabled="y"
   sequence="100"
send_to="14"
>
<send> Execute("study "..target1)
</send>
</alias>
<alias
   match="w1"
   enabled="y"
   sequence="100"
send_to="14"
>
<send> Execute("lifewatch "..target1)
</send>
</alias>
<alias
   match="h1*"
   enabled="y"
   sequence="100"
send_to="14"
>
<send> Execute("heal "..target1.." %1")
</send>
</alias>
<alias
   match="f1*"
   enabled="y"
   sequence="100"
send_to="14"
>
<send> Execute("healfar "..target1.." %1")
</send>
</alias>



  <alias
   match="sayep"
   enabled="y"
   omit_from_command_history="y"
   omit_from_log="y"
   omit_from_output="y"
   send_to="14"
   sequence="100"
  >
  <send>
Note("EP ",ep)
</send>
</alias>
  <alias
   match="saysp"
   enabled="y"
   omit_from_command_history="y"
   omit_from_log="y"
   omit_from_output="y"
   send_to="14"
   sequence="100"
  >
  <send>

Note("SP ", sp)
</send>
</alias>






</aliases>


<triggers>
  <trigger
   enabled="y"
   match="*is in perfect health."
   send_to="14"
   sequence="100"
  >
  <send>     PlaySound (0, "sn1.wav", false, -10, 0)
</send>
  </trigger>
  <trigger
   enabled="y"
   match="*has a few minor scratches."
   send_to="14"
   sequence="100"
  >
  <send>     PlaySound(0, "sn2.wav" false, -10, 0)</send>
  </trigger>
  <trigger
   enabled="y"
   match="*is showing a few grazes."
   send_to="14"
   sequence="100"
  >
  <send>     PlaySound(0, "sn3.wav", false, -10, 0)
</send>
  </trigger>
  <trigger
   enabled="y"
   match="*is bleeding slightly."
   send_to="14"
   sequence="100"
  >
  <send>
    PlaySound(0, "sn4.wav", false, -10, 0)</send>
  </trigger>
  <trigger
   enabled="y"
   match="*is showing a few battle scars."
   send_to="14"
   sequence="100"
  >
  <send>    PlaySound(0, "sn5.wav")</send>
  </trigger>
  <trigger
   enabled="y"
   match="*has quite a few wounds."
   send_to="14"
   sequence="100"
  >
  <send>    PlaySound(0, "sn6.wav")</send>
  </trigger>
  <trigger
   enabled="y"
   match="*has some big nasty wounds and scratches."
   send_to="14"
   sequence="100"
  >
  <send>    PlaySound(0, "sn7.wav")</send>
  </trigger>
  <trigger
   enabled="y"
   match="*has some very nasty wounds."
   send_to="14"
   sequence="100"
  >
  <send>    PlaySound(0, "sn8.wav")</send>
  </trigger>

  <trigger
   enabled="y"
   match="*is gravely injured."
   send_to="14"
   sequence="100"
  >
  <send>    PlaySound(0, "sn9.wav")</send>
  </trigger>
  <trigger
   enabled="y"
   omit_from_output="y"
   match="*HP:*/* SP:*/* EP:*/*"
   send_to="14"
   sequence="100"
  >
<send>
Note("hp", "%2")
hp="%2"
sp="%4"
ep="%6"
</send>
</trigger>
</triggers>


</muclient>
