<?xml version="1.0" encoding="iso-8859-1"?>
<!DOCTYPE muclient>
<!-- Saved on Thursday, September 30, 2021, 3:04 PM -->
<!-- MuClient version 4.84 -->

<!-- Plugin "Heartbeat" generated by Plugin Wizard -->

<muclient>
<plugin
   name="Heartbeat"
   author="Mysus"
   id="5875b1c792860fd187539038"
   language="Lua"
   purpose="Heartbeats for health status"
   date_written="2021-09-30 15:04:23"
   requires="4.00"
   version="1.0"
   >

</plugin>


<!--  Get our standard constants -->

<include name="constants.lua"/>

Z<aliases>
  <alias
   match="/setup"
   enabled="y"
   send_to="12"
   sequence="100"
  >
  <send>PPI = require("ppi")
ppi = PPI.Load("aedf0cb0be5bf045860d54b7")

dir=world.GetInfo(67)

volume_names = {"sound volume", "ambience volume", "music volume"}
volumes = {30, 30, 30}
current_volume = 1
lastterrain = ""
playstepsound = false

function playsound(snd)
return ppi.play(dir.."/sounds/"..snd,0,0, volumes[1])
end

function playloop(snd)
return ppi.play(dir.."sounds/"..snd,1,0,musicvolume)
end

function stopsound(snd)
if tonumber(snd)~=nil then
ppi.stop(snd)
end
end


function historyadd(category, text)
Execute("history_add all="..text)
Execute("history_add "..category.."="..text)
end

function volchange(direction)
if direction ==1 then
if volumes[current_volume] &gt;= 100 then
print(volume_names[current_volume].." is already maxed.")
else
volumes[current_volume] = volumes[current_volume]+5
if volumes[current_volume] &gt;= 100 then
volumes[current_volume] = 100
end
end
end
if direction==2 then
if volumes[current_volume]&lt;=0 then
print(volume_names[current_volume].." is already muted.")
volumes[current_volume] = 0
else
volumes[current_volume] = volumes[current_volume] - 5
if volumes[current_volume] &lt;= 0 then
volumes[current_volume] = 0
end
end
end
end


function playamb(terrain)
stopsound(ambience)
ambience = ppi.play(dir.."sounds/"..terrain,1,0, volumes[2])
end

function playstep(snd)
if playstepsound then
playsound(snd)
playstepsound = false
end
end



</send>
  </alias>
  <alias
   match="voldown"
   enabled="y"
   send_to="12"
   sequence="100"
  >
  <send>volchange(2)</send>
  </alias>
  <alias
   match="voltoggle"
   enabled="n"
   send_to="12"
   sequence="100"
  >
  <send>current_volume = current_volume + 1
if current_volume&gt;#volumes then
current_volume = 1
end

print("Changing "..volume_names[current_volume]..", current value "..volumes[current_volume]..".")
</send>
  </alias>
  <alias
   match="volup"
   enabled="y"
   send_to="12"
   sequence="100"
  >
  <send>volchange(1)</send>
  </alias>
</aliases>


<triggers>
  <trigger
   enabled="y"
   match="The Unknown Soldier gives you * gold coins for *"

   send_to="12"
   sequence="100"
  >
  <send>    stopsound(0);playsound("killmgs/"..math.random(1,400)..".wav");playsound("deaths/"..math.random(1,9)..".wav") 
</send>
  </trigger>
  <trigger
   enabled="y"
   match="*died horribly*"
   send_to="12"
   sequence="100"
  >
  <send>    stopsound(0);playsound("killmgs/"..math.random(1,400)..".wav");playsound("deaths/"..math.random(1,9)..".wav") 
</send>
  </trigger>





</triggers>

</muclient>
