<?xml version="1.0" encoding="iso-8859-1"?>
<!DOCTYPE muclient>
<!-- Saved on Monday, October 18, 2021, 6:55 PM -->
<!-- MuClient version 5.07-pre -->

<!-- Plugin "Keys" generated by Plugin Wizard -->

<muclient>
<plugin
   name="Keys"
   author="aciath"
   id="ec449985624c5cbd6651da51"
   language="Lua"
   purpose="Keys and things"
   date_written="2021-10-18 18:54:51"
   requires="5.07"
   version="1.0"
   >

</plugin>


<!--  Aliases  -->

<aliases>
  <alias
   match="#reload*"
   enabled="y"
   send_to="11"
   sequence="100"
  >
  <send>loadplugin %1</send>
  </alias>
</aliases>
<script>
<![CDATA[
Accelerator("alt+i", "inventory")
Accelerator("alt+/", "hm")
Accelerator("f10", "volume_down")
Accelerator("f11", "volume_up")
Accelerator("alt+1", "ca;sndplay1")
	Accelerator("alt+2", "rff;sndplay2")
Accelerator("alt+3", "ba;sndplay3")
Accelerator("alt+4", "sp4;sndplay4")
Accelerator("alt+5", "sp5;sndplay5")
Accelerator("alt+m", "dm")
Accelerator("ctrl+p", "report")
Accelerator("~", "sndstop")
Accelerator("alt+shift+1", "sw1")
Accelerator("alt+,", "l pet")
Accelerator("alt+.", "hf")
Accelerator("alt+l", "lg")
Accelerator("alt+x", "xcp")

Accelerator("alt+shift+2", "sw2")
]]>
</script>
</muclient>

