<?xml version="1.0" encoding="iso-8859-1"?>
<!DOCTYPE muclient>
<!-- Saved on Wednesday, August 06, 2008, 1:13 PM -->
<!-- MuClient version 4.35 -->

<!-- Plugin "Consider_info" generated by Plugin Wizard -->

<muclient>
<plugin
   name="Message_Gagger"
   author="Aciath"
   id="525d96c10d790146f435e802"
   language="Lua"
   purpose="Gags Messages"
   date_written="2021-10-06 07:35"
   requires="5.0"
   version="2.0"
   save_state="y"
   >
<description trim="y">
<![CDATA[


<=================== ACTIONS ===================>
gag help                   --> Displays this message.                                 
gag info                   --> Displays basic info on the plugin.
gag off/on                 --> Toggles the gagging on/off.
]]>
</description>

</plugin>


<!--  Triggers  -->

<triggers>
  
</triggers>

<aliases>
        <alias
   match="gag off"
   enabled="y"
   send_to="12"
   sequence="100"
   expand_variables="y"
  >
  <send>
      Show_Plugin_Info()
  	  Delete_All_Triggers()
	  Note("Gagging disabled.")
	</send>
  </alias>
  
          <alias
   match="gag on"
   enabled="y"
   send_to="12"
   sequence="100"
   expand_variables="y"
  >
  <send>
      Show_Plugin_Info()
  	  Delete_All_Triggers() -- just in case it was already on...
	  Create_Gag_Triggers()
	  Note("Gagging enabled.")
	</send>
  </alias>
  
            <alias
   match="gag info"
   enabled="y"
   send_to="12"
   sequence="100"
   expand_variables="y"
  >
  <send>
      Show_Plugin_Info()
	</send>
  </alias>
  
  
      <alias
   match="gag help"
   enabled="y"
   send_to="12"
  >

<send>
  Note(GetPluginInfo (GetPluginID(), 3))
</send> 
  </alias>
 
  
</aliases>



<!--  Script  -->


<script>
<![CDATA[

triggers_gagged = 0  --global variable to keep track of how many messages have been gagged.
messages_to_be_gagged = 0

require "addxml"

function OnPluginInstall ()
	player_deity = GetVariable("player_deity") or "Ayla"
	Create_Gag_Triggers()
	Note("Gag plugin loaded. There are " .. messages_to_be_gagged .. " messages that are currently being gagged.")
end

function OnPluginSaveState ()
	SetVariable ("player_deity", player_deity)
end -- function OnPluginSaveState

function Show_Plugin_Info()
	Note("The plugin has gagged " .. triggers_gagged .. " messages this session.  There are " .. messages_to_be_gagged .. " messages that are currently being gagged.")
	Note("Your diety is currently set to '" .. player_deity .. "'")
end
function Delete_All_Triggers()
	DeleteTriggerGroup ("message_gagger")
end

function Create_Gag_Triggers()
	for line in io.lines (GetInfo (56) .. "messages_to_gag.txt") do
		if line ~= "" then
			messages_to_be_gagged = messages_to_be_gagged + 1
	
			local message_to_gag = string.gsub(line, "<deity>", player_deity)  
			
			addxml.trigger {  match = message_to_gag, 
								regexp = false,
								sequence = 50,
								enabled = true,
								omit_from_output = true,
								group = "message_gagger",
								send_to = 12,
								send = "triggers_gagged = triggers_gagged + 1"
							  }
		end -- if
	end 
end

]]>
</script>

</muclient>